{"secr_no": {"size": {"height": 49, "width": 450}, "location": {"x": 1040, "y": 110}}, "gender": {"size": {"height": 50, "width": 450}, "location": {"x": 950, "y": 505}}, "ctor_age": {"size": {"height": 50, "width": 450}, "location": {"x": 1170, "y": 505}}, "exam_yyyy": {"size": {"height": 50, "width": 450}, "location": {"x": 920, "y": 559}}, "exam_mm": {"size": {"height": 50, "width": 450}, "location": {"x": 1000, "y": 559}}, "exam_dd": {"size": {"height": 50, "width": 450}, "location": {"x": 1080, "y": 559}}, "exam_result_yn": {"size": {"height": 50, "width": 450}, "location": {"x": 1000, "y": 615}}, "exam_res_1": {"size": {"height": 150, "width": 450}, "location": {"x": 450, "y": 850}}, "exam_check_1": {"size": {"height": 150, "width": 450}, "location": {"x": 900, "y": 850}}, "exam_res_2": {"size": {"height": 150, "width": 450}, "location": {"x": 450, "y": 1005}}, "exam_check_2": {"size": {"height": 150, "width": 450}, "location": {"x": 900, "y": 1005}}, "exam_res_3": {"size": {"height": 150, "width": 450}, "location": {"x": 450, "y": 1158}}, "exam_check_3": {"size": {"height": 150, "width": 450}, "location": {"x": 900, "y": 1158}}, "exam_res_4": {"size": {"height": 150, "width": 450}, "location": {"x": 450, "y": 1306}}, "exam_check_4": {"size": {"height": 150, "width": 450}, "location": {"x": 900, "y": 1306}}, "exam_res_5": {"size": {"height": 150, "width": 450}, "location": {"x": 450, "y": 1454}}, "exam_check_5": {"size": {"height": 150, "width": 450}, "location": {"x": 900, "y": 1454}}, "exam_res_6": {"size": {"height": 150, "width": 450}, "location": {"x": 450, "y": 1615}}, "exam_check_6": {"size": {"height": 150, "width": 450}, "location": {"x": 900, "y": 1615}}}