{"secr_no": {"size": {"height": 49, "width": 450}, "location": {"x": 1170, "y": 100}}, "gender": {"size": {"height": 50, "width": 450}, "location": {"x": 908, "y": 435}}, "ctor_age": {"size": {"height": 50, "width": 450}, "location": {"x": 1128, "y": 435}}, "exam_yyyy": {"size": {"height": 50, "width": 450}, "location": {"x": 878, "y": 489}}, "exam_mm": {"size": {"height": 50, "width": 450}, "location": {"x": 958, "y": 489}}, "exam_dd": {"size": {"height": 50, "width": 450}, "location": {"x": 1038, "y": 489}}, "exam_result_yn": {"size": {"height": 50, "width": 450}, "location": {"x": 958, "y": 545}}, "exam_result": {"size": {"height": 50, "width": 450}, "location": {"x": 938, "y": 595}}, "exam_res_1": {"size": {"height": 280, "width": 450}, "location": {"x": 350, "y": 870}}, "exam_check_1": {"size": {"height": 280, "width": 450}, "location": {"x": 880, "y": 870}}, "exam_res_2": {"size": {"height": 160, "width": 450}, "location": {"x": 350, "y": 1150}}, "exam_check_2": {"size": {"height": 160, "width": 450}, "location": {"x": 880, "y": 1150}}, "exam_res_3": {"size": {"height": 150, "width": 450}, "location": {"x": 350, "y": 1310}}, "exam_check_3": {"size": {"height": 150, "width": 450}, "location": {"x": 880, "y": 1310}}, "exam_res_4": {"size": {"height": 250, "width": 450}, "location": {"x": 350, "y": 1461}}, "exam_check_4": {"size": {"height": 250, "width": 450}, "location": {"x": 880, "y": 1461}}}