{"secr_no": {"size": {"height": 49, "width": 126}, "location": {"x": 1104, "y": 100}}, "secr_no1": {"size": {"height": 42, "width": 126}, "location": {"x": 410, "y": 360}}, "mng_gds_nm": {"size": {"height": 42, "width": 126}, "location": {"x": 410, "y": 407}}, "ins_gds_type_nm": {"size": {"height": 42, "width": 126}, "location": {"x": 950, "y": 406}}, "ctor_name": {"size": {"height": 42, "width": 126}, "location": {"x": 410, "y": 454}}, "birth_ymd": {"size": {"height": 42, "width": 126}, "location": {"x": 950, "y": 453}}, "ctor_name1": {"size": {"height": 42, "width": 126}, "location": {"x": 950, "y": 1646}}, "secr_yyyy": {"size": {"height": 42, "width": 126}, "location": {"x": 1142, "y": 1880}}, "secr_mm": {"size": {"height": 42, "width": 126}, "location": {"x": 1253, "y": 1880}}, "secr_dd": {"size": {"height": 42, "width": 126}, "location": {"x": 1324, "y": 1880}}, "pe_name": {"size": {"height": 42, "width": 126}, "location": {"x": 1130, "y": 1942}}, "col-11": {"size": {"height": 42, "width": 126}, "location": {"x": 410, "y": 360}}, "col-12": {"size": {"height": 42, "width": 126}, "location": {"x": 410, "y": 407}}, "col-21": {"size": {"height": 42, "width": 126}, "location": {"x": 950, "y": 406}}, "col-13": {"size": {"height": 42, "width": 126}, "location": {"x": 410, "y": 454}}, "col-22": {"size": {"height": 42, "width": 126}, "location": {"x": 950, "y": 453}}}