{"secr_no": {"size": {"height": 49, "width": 340}, "location": {"x": 1080, "y": 100}}, "secr_no1": {"size": {"height": 42, "width": 340}, "location": {"x": 410, "y": 340}}, "mng_gds_nm": {"size": {"height": 42, "width": 340}, "location": {"x": 410, "y": 387}}, "ins_gds_type_nm": {"size": {"height": 42, "width": 340}, "location": {"x": 950, "y": 386}}, "ctor_name": {"size": {"height": 42, "width": 340}, "location": {"x": 410, "y": 434}}, "birth_ymd": {"size": {"height": 42, "width": 340}, "location": {"x": 950, "y": 433}}, "ctor_name1": {"size": {"height": 42, "width": 340}, "location": {"x": 950, "y": 1665}}, "secr_yyyy": {"size": {"height": 42, "width": 340}, "location": {"x": 1142, "y": 1910}}, "secr_mm": {"size": {"height": 42, "width": 340}, "location": {"x": 1253, "y": 1910}}, "secr_dd": {"size": {"height": 42, "width": 340}, "location": {"x": 1324, "y": 1910}}, "pe_name": {"size": {"height": 42, "width": 340}, "location": {"x": 1150, "y": 1972}}, "col-11": {"size": {"height": 42, "width": 340}, "location": {"x": 410, "y": 340}}, "col-12": {"size": {"height": 42, "width": 340}, "location": {"x": 410, "y": 387}}, "col-21": {"size": {"height": 42, "width": 340}, "location": {"x": 950, "y": 386}}, "col-13": {"size": {"height": 42, "width": 340}, "location": {"x": 410, "y": 434}}, "col-22": {"size": {"height": 42, "width": 340}, "location": {"x": 950, "y": 433}}}