{"secr_no": {"size": {"height": 20, "width": 126}, "location": {"x": 1290, "y": 15}}, "mng_gds_nm1": {"size": {"height": 20, "width": 126}, "location": {"x": 40, "y": 110}}, "adm_amt": {"size": {"height": 29, "width": 126}, "location": {"x": 310, "y": 200}}, "tot_prm-1": {"size": {"height": 29, "width": 126}, "location": {"x": 467, "y": 200}}, "inprd_tp": {"size": {"height": 29, "width": 109}, "location": {"x": 595, "y": 200}}, "pmprd_tp": {"size": {"height": 29, "width": 109}, "location": {"x": 704, "y": 200}}, "tot_prm-2": {"size": {"height": 29, "width": 198}, "location": {"x": 1066, "y": 200}}, "pm_cyl": {"size": {"height": 58, "width": 93}, "location": {"x": 1264, "y": 200}}, "tax_freeYN": {"size": {"height": 45, "width": 40}, "location": {"x": 1415, "y": 205}}, "pre_pm_nts": {"size": {"height": 29, "width": 198}, "location": {"x": 1066, "y": 229}}, "prdic_amt": {"size": {"height": 29, "width": 198}, "location": {"x": 1066, "y": 258}}, "discount_amt": {"size": {"height": 29, "width": 195}, "location": {"x": 1066, "y": 286}}, "plpm": {"size": {"height": 22, "width": 198}, "location": {"x": 1066, "y": 316}}, "ctor_name": {"size": {"height": 36, "width": 155}, "location": {"x": 310, "y": 390}}, "ctor_idno": {"size": {"height": 36, "width": 200}, "location": {"x": 465, "y": 390}}, "ctor_age": {"size": {"height": 36, "width": 65}, "location": {"x": 665, "y": 390}}, "ctor_rel": {"size": {"height": 36, "width": 112}, "location": {"x": 730, "y": 390}}, "ctor_job_addr1": {"size": {"height": 36, "width": 176}, "location": {"x": 923, "y": 390}}, "ctor_job": {"size": {"height": 36, "width": 322}, "location": {"x": 1187, "y": 390}}, "ctor_name1": {"size": {"height": 36, "width": 155}, "location": {"x": 310, "y": 390}}, "ctor_idno1": {"size": {"height": 29, "width": 200}, "location": {"x": 465, "y": 426}}, "ctor_age1": {"size": {"height": 36, "width": 65}, "location": {"x": 665, "y": 390}}, "ctor_rel1": {"size": {"height": 36, "width": 112}, "location": {"x": 730, "y": 390}}, "ctor_name2": {"size": {"height": 29, "width": 155}, "location": {"x": 310, "y": 426}}, "ctor_idno2": {"size": {"height": 28, "width": 200}, "location": {"x": 465, "y": 483}}, "ctor_age2": {"size": {"height": 29, "width": 65}, "location": {"x": 665, "y": 426}}, "ctor_rel2": {"size": {"height": 29, "width": 112}, "location": {"x": 730, "y": 426}}, "ctor_name3": {"size": {"height": 28, "width": 155}, "location": {"x": 310, "y": 483}}, "ctor_idno3": {"size": {"height": 28, "width": 200}, "location": {"x": 465, "y": 511}}, "ctor_age3": {"size": {"height": 28, "width": 65}, "location": {"x": 665, "y": 483}}, "ctor_rel3": {"size": {"height": 28, "width": 112}, "location": {"x": 730, "y": 483}}, "shr_rto_bnfr": {"size": {"height": 28, "width": 43}, "location": {"x": 922, "y": 539}}, "fund_type1": {"size": {"height": 24, "width": 360}, "location": {"x": 1035, "y": 507}}, "fund_value1": {"size": {"height": 24, "width": 118}, "location": {"x": 1395, "y": 507}}, "fund_type2": {"size": {"height": 24, "width": 360}, "location": {"x": 1035, "y": 531}}, "fund_value2": {"size": {"height": 24, "width": 118}, "location": {"x": 1395, "y": 531}}, "fund_type3": {"size": {"height": 24, "width": 360}, "location": {"x": 1035, "y": 555}}, "fund_value3": {"size": {"height": 24, "width": 118}, "location": {"x": 1395, "y": 555}}, "fund_type4": {"size": {"height": 24, "width": 360}, "location": {"x": 1035, "y": 579}}, "fund_value4": {"size": {"height": 24, "width": 118}, "location": {"x": 1395, "y": 579}}, "fund_type5": {"size": {"height": 24, "width": 360}, "location": {"x": 1035, "y": 603}}, "fund_value5": {"size": {"height": 24, "width": 118}, "location": {"x": 1395, "y": 603}}, "jupi_yn1": {"size": {"height": 29, "width": 15}, "location": {"x": 275, "y": 1268}}, "jupi_yn2": {"size": {"height": 29, "width": 15}, "location": {"x": 275, "y": 1299}}, "goji_hmk": {"size": {"height": 29, "width": 100}, "location": {"x": 352, "y": 1284}}, "disease_name": {"size": {"height": 29, "width": 251}, "location": {"x": 469, "y": 1284}}, "disease_start_yyyy": {"size": {"height": 21, "width": 48}, "location": {"x": 720, "y": 1276}}, "disease_start_mm": {"size": {"height": 21, "width": 27}, "location": {"x": 795, "y": 1276}}, "disease_end_yyyy": {"size": {"height": 21, "width": 48}, "location": {"x": 720, "y": 1296}}, "disease_end_mm": {"size": {"height": 21, "width": 27}, "location": {"x": 795, "y": 1296}}, "disease_count": {"size": {"height": 66, "width": 338}, "location": {"x": 954, "y": 1266}}, "disease_count2": {"size": {"height": 65, "width": 105}, "location": {"x": 1293, "y": 1266}}, "disease_count3": {"size": {"height": 65, "width": 105}, "location": {"x": 1400, "y": 1266}}, "goji7_hmk1": {"size": {"height": 29, "width": 30}, "location": {"x": 1085, "y": 1458}}, "goji7_hmk2": {"size": {"height": 29, "width": 30}, "location": {"x": 1130, "y": 1458}}, "goji7_hmk3": {"size": {"height": 29, "width": 30}, "location": {"x": 1180, "y": 1458}}, "goji7_hmk4": {"size": {"height": 29, "width": 30}, "location": {"x": 989, "y": 1427}}, "goji7_hmk5": {"size": {"height": 29, "width": 30}, "location": {"x": 989, "y": 1463}}, "goji8_hmk1": {"size": {"height": 29, "width": 40}, "location": {"x": 1025, "y": 1528}}, "goji8_hmk2": {"size": {"height": 29, "width": 40}, "location": {"x": 1155, "y": 1528}}, "goji9_hmk1": {"size": {"height": 29, "width": 30}, "location": {"x": 1085, "y": 1663}}, "goji9_hmk2": {"size": {"height": 29, "width": 30}, "location": {"x": 1130, "y": 1663}}, "goji9_hmk3": {"size": {"height": 29, "width": 30}, "location": {"x": 1180, "y": 1663}}, "goji9_hmk4": {"size": {"height": 29, "width": 30}, "location": {"x": 989, "y": 1632}}, "goji9_hmk5": {"size": {"height": 29, "width": 30}, "location": {"x": 989, "y": 1668}}, "goji10_height": {"size": {"height": 31, "width": 30}, "location": {"x": 1005, "y": 1707}}, "goji10_weight": {"size": {"height": 31, "width": 30}, "location": {"x": 1130, "y": 1707}}, "goji11_count1": {"size": {"height": 29, "width": 30}, "location": {"x": 1005, "y": 1740}}, "goji11_count2": {"size": {"height": 29, "width": 30}, "location": {"x": 1130, "y": 1740}}, "goji12_count1": {"size": {"height": 29, "width": 30}, "location": {"x": 1000, "y": 1772}}, "goji12_duration": {"size": {"height": 29, "width": 30}, "location": {"x": 1120, "y": 1772}}, "ctor_name5": {"size": {"height": 20, "width": 106}, "location": {"x": 170, "y": 1852}}, "method": {"size": {"height": 29, "width": 30}, "location": {"x": 319, "y": 1906}}, "ctor_name6": {"size": {"height": 29, "width": 126}, "location": {"x": 1250, "y": 1918}}, "ctor_name7": {"size": {"height": 29, "width": 126}, "location": {"x": 1250, "y": 1961}}, "secr_yyyy": {"size": {"height": 29, "width": 70}, "location": {"x": 630, "y": 2161}}, "secr_mm": {"size": {"height": 29, "width": 30}, "location": {"x": 740, "y": 2161}}, "secr_dd": {"size": {"height": 29, "width": 30}, "location": {"x": 810, "y": 2161}}, "tot_prm-21": {"size": {"height": 29, "width": 198}, "location": {"x": 1066, "y": 200}}, "tot_prm-22": {"size": {"height": 29, "width": 198}, "location": {"x": 1066, "y": 229}}, "tot_prm-23": {"size": {"height": 29, "width": 198}, "location": {"x": 1066, "y": 258}}, "tot_prm-24": {"size": {"height": 22, "width": 198}, "location": {"x": 1066, "y": 316}}, "ctor_name4": {"size": {"height": 28, "width": 155}, "location": {"x": 310, "y": 511}}, "ctor_age4": {"size": {"height": 28, "width": 65}, "location": {"x": 665, "y": 511}}, "ctor_rel4": {"size": {"height": 28, "width": 112}, "location": {"x": 730, "y": 511}}, "ctor_name-data-row-61": {"size": {"height": 20, "width": 106}, "location": {"x": 170, "y": 1852}}, "ctor_name-data-three1": {"size": {"height": 29, "width": 126}, "location": {"x": 1250, "y": 1918}}, "ctor_name-data-three2": {"size": {"height": 29, "width": 126}, "location": {"x": 1250, "y": 1961}}}